f_GHz,pol,k,alpha
6,H,0.0007056,1.5900
6,V,0.0004878,1.5728
7,H,0.001915,1.4810
7,V,0.001425,1.4745
11,H,0.01772,1.2140
11,V,0.01731,1.1617
15,H,0.04481,1.1233
15,V,0.05008,1.0440
18,H,0.07078,1.0818
18,V,0.07708,1.0025
23,H,0.1286,1.0214
23,V,0.1284,0.9630
32,H,0.2778,0.9302
32,V,0.2646,0.8981
38,H,0.4001,0.8816
38,V,0.3844,0.8552
